first_name,last_name,age,club_name,Random_Field,Thing,dt,words,ISBN
Odessa,Maher,1,Club 3,Romeo Delta Juliett Kilo Echo Charlie Mike Whiskey India Oscar Foxtrot Zulu Bravo Yankee,in libero ut massa volutpat convallis morbi odio odio,9/10/2024,duis bibendum morbi non quam nec dui luctus rutrum nulla tellus in sagittis dui,284234490-1
Othello,Dike,2,Club 9,Tango Bravo India Golf Quebec Zulu Uniform Mike Echo Oscar Kilo Whiskey Papa X-ray,nulla nisl nunc nisl duis bibendum felis sed interdum venenatis,4/8/2024,elementum pellentesque quisque porta,271420640-9
Emyle,MacColl,3,Club 0,Delta Lima Hotel X-ray Whiskey November Sierra Mike Echo India Charlie Juliett Tango,primis in faucibus orci luctus et ultrices posuere cubilia curae donec pharetra magna vestibulum aliquet ultrices erat tortor sollicitudin,5/24/2024,nulla elit ac nulla sed vel enim sit amet nunc,596634617-8
Dora,Folini,4,Club 4,Golf Mike Yankee Romeo Zulu Delta Sierra Kilo Juliett Hotel Lima Victor Charlie Uniform Bravo Whiskey X-ray Tango November Papa,sit amet eleifend pede libero quis orci nullam molestie nibh in,12/19/2023,in magna bibendum imperdiet nullam orci pede venenatis non sodales sed tincidunt,079949047-4
Darrel,Mecco,5,Club 3,Quebec Golf Papa Lima Whiskey Kilo Echo Sierra Juliett Alfa Tango Hotel Bravo Romeo November Charlie Foxtrot,arcu libero rutrum ac lobortis vel dapibus at diam nam tristique tortor,8/26/2024,nisi venenatis tristique fusce congue,393922481-2
Griz,Lissaman,6,Club 0,Oscar Bravo Delta Romeo Echo Charlie Foxtrot Golf Lima Kilo Yankee Alfa Whiskey Victor Tango Zulu,massa donec dapibus duis at,3/15/2024,sit amet,426081145-2
Ferne,Withey,7,Club 8,Victor X-ray Charlie Kilo Echo Golf Foxtrot Papa Alfa November Uniform,pede justo eu massa donec dapibus duis at velit eu est,5/7/2024,nunc purus phasellus in felis,602973131-9
Fleurette,Gaynesford,8,Club 6,India Foxtrot Yankee Bravo Tango Uniform Juliett Hotel Kilo Romeo Zulu Golf Alfa Lima Oscar Whiskey Victor,ipsum aliquam non mauris morbi non lectus aliquam sit amet diam in magna bibendum imperdiet nullam,9/8/2024,mi nulla ac enim in tempor turpis nec euismod scelerisque quam turpis,535653947-9
Phyllys,Styan,9,Club 4,Victor Tango Romeo India Papa X-ray Delta Alfa Whiskey Juliett Foxtrot Oscar Echo Kilo,pretium iaculis diam erat fermentum justo nec condimentum neque sapien placerat ante nulla justo aliquam quis turpis eget elit sodales,12/11/2023,dictumst maecenas ut massa quis augue luctus,441175965-9
Codi,Turl,10,Club 0,Bravo Papa Tango Yankee Delta India Juliett Mike Sierra Oscar X-ray Whiskey Kilo Lima,nec nisi volutpat eleifend donec,10/31/2024,nascetur ridiculus mus vivamus vestibulum sagittis sapien cum sociis natoque penatibus et magnis dis parturient montes nascetur,598236660-9
Brandy,Johann,11,Club 3,India Juliett Bravo Foxtrot X-ray Mike Victor Quebec Lima November Hotel Kilo Charlie Oscar Alfa,consequat lectus in est risus auctor sed tristique in tempus sit,1/1/2024,duis bibendum felis sed interdum venenatis turpis enim blandit mi in porttitor,716420230-3
Rosamond,Spuffard,12,Club 5,Delta Golf Kilo Victor Alfa Uniform X-ray Quebec Lima Juliett Zulu,maecenas pulvinar lobortis,7/1/2024,ridiculus mus vivamus vestibulum sagittis,168768836-2
Zora,Lockner,13,Club 6,Romeo Foxtrot Victor Delta Oscar Uniform Tango Echo Papa Bravo Golf Yankee Whiskey India Quebec Zulu Lima November Hotel,penatibus et magnis dis parturient montes nascetur ridiculus mus vivamus vestibulum sagittis sapien cum sociis natoque penatibus et,1/28/2024,ut massa quis augue luctus tincidunt nulla mollis molestie lorem quisque ut erat curabitur gravida nisi at nibh in hac,531200853-2
Meara,Burnage,14,Club 3,Delta Uniform Bravo Juliett Whiskey Echo Tango November Lima Quebec Zulu Kilo Papa Oscar Yankee Hotel Golf X-ray Foxtrot Charlie,ante vel ipsum praesent blandit lacinia,8/13/2024,orci vehicula condimentum curabitur in libero ut massa volutpat convallis morbi odio odio elementum eu interdum eu,866638843-9
Sibby,Pitkeathley,15,Club 2,Yankee Victor Golf Echo Sierra Quebec Mike Papa Kilo Bravo Juliett,eu mi nulla ac enim in tempor turpis nec euismod scelerisque quam,11/27/2023,luctus et ultrices posuere,422702874-4
Tedda,Tremmel,16,Club 0,Bravo Tango Alfa Romeo Whiskey Papa November Hotel Charlie Victor Quebec,at diam nam tristique tortor eu pede,10/12/2024,ultrices vel augue vestibulum ante ipsum primis in faucibus orci luctus et ultrices posuere cubilia,129730442-X
Wilden,Birt,17,Club 8,Echo Golf Quebec Romeo India Uniform Charlie Yankee Mike Kilo Victor Oscar Bravo Delta Whiskey,pede posuere nonummy integer non velit donec diam neque vestibulum eget vulputate,1/12/2024,quisque ut erat curabitur gravida nisi at nibh in hac habitasse platea dictumst aliquam,504870645-5
Jewel,Klosterman,18,Club 9,Golf Tango Zulu Whiskey Oscar Victor Kilo Mike Bravo Romeo Echo November Uniform Alfa,eget eros,2/21/2024,velit vivamus vel nulla eget eros elementum pellentesque quisque porta volutpat erat quisque erat eros viverra,530843136-1
Olin,Ravenhills,19,Club 8,Juliett Foxtrot Zulu Quebec Golf Sierra Bravo Delta India Victor,sed interdum venenatis,9/10/2024,iaculis justo in hac habitasse platea dictumst etiam faucibus cursus urna ut tellus nulla ut erat id mauris vulputate elementum,003827476-0
Sigismondo,Grzesiewicz,20,Club 8,Lima November Alfa Echo Papa Bravo Kilo Quebec Whiskey Delta Foxtrot Golf Romeo Uniform Victor X-ray Oscar Yankee Charlie India,augue a,4/29/2024,leo odio,331371316-5
