first_name,last_name,age,club_name,Random_Field,Thing
Elbert,Floweth,1,Club 4,India Uniform Juliett Papa Bravo Whiskey Romeo Kilo Sierra Hotel Echo Tango Foxtrot Delta Mike Alfa November Yankee Lima Zulu,pellentesque ultrices mattis odio donec vitae nisi nam ultrices libero non mattis pulvinar nulla pede ullamcorper augue
Lisle,Smee,2,Club 7,Lima Alfa Papa Tango Sierra Foxtrot Whiskey Romeo Golf Quebec,vulputate justo in blandit ultrices enim lorem ipsum dolor sit amet
Marjie,Cadge,3,Club 4,Oscar Hotel Kilo Romeo Juliett Tango India X-ray Charlie Bravo Quebec,vulputate luctus cum sociis natoque penatibus et magnis dis parturient montes nascetur ridiculus mus vivamus vestibulum sagittis sapien
Obediah,Svanini,4,Club 7,Juliett Victor Echo Golf Mike Lima X-ray Yankee Zulu Alfa Bravo Delta Kilo Whiskey Papa November Charlie Oscar India Tango,volutpat convallis morbi odio odio elementum eu interdum eu tincidunt in leo maecenas pulvinar lobortis est phasellus sit amet
Rozina,Simcoe,5,Club 6,Whiskey Juliett Papa Tango X-ray Yankee Kilo Zulu Sierra Mike Quebec Echo Lima November Oscar Golf Bravo Delta Charlie,consectetuer adipiscing elit proin risus praesent lectus vestibulum quam sapien varius ut blandit non
Joelie,Prattington,6,Club 3,Alfa Delta Romeo Papa Golf India Echo Quebec Sierra Kilo Whiskey Uniform Bravo X-ray Zulu Yankee Hotel Oscar,erat id mauris vulputate elementum nullam varius nulla facilisi cras non velit nec nisi vulputate
Peyter,Drinkale,7,Club 9,Tango Bravo Foxtrot Kilo India Lima Victor Quebec Charlie Romeo Echo,tempor turpis nec euismod scelerisque quam turpis adipiscing lorem vitae mattis
Fabien,Dawdry,8,Club 3,Echo X-ray Charlie Delta Victor Mike Quebec Papa Whiskey November Kilo Bravo Romeo Sierra Yankee Uniform Zulu Juliett Golf Alfa,lacinia sapien quis libero nullam sit amet turpis elementum ligula vehicula consequat morbi a ipsum integer
Melva,Stummeyer,9,Club 2,Whiskey Echo Alfa Quebec Papa Uniform Victor Hotel Juliett Mike Bravo November,ultrices enim lorem ipsum dolor sit amet consectetuer adipiscing elit
Miquela,Child,10,Club 0,Yankee Mike November Lima X-ray Oscar Delta Sierra Kilo Echo Foxtrot Bravo Romeo Quebec,sapien placerat ante nulla justo aliquam quis turpis eget elit sodales scelerisque
Roxanna,Andriolli,11,Club 7,India Uniform Bravo November Whiskey X-ray Echo Yankee Victor Charlie Golf Delta Kilo Tango Oscar Mike Sierra Lima Zulu,quis justo maecenas rhoncus aliquam lacus morbi quis tortor id nulla ultrices
Maia,O'Hagan,12,Club 0,Kilo Zulu Charlie Romeo Papa Alfa Delta Oscar Bravo Tango Quebec Lima Echo Sierra Uniform India,pede lobortis ligula sit amet eleifend pede libero quis orci nullam molestie
Cristie,Earl,13,Club 6,Whiskey Romeo Yankee Zulu Charlie November Echo Golf Oscar Quebec Lima Sierra Hotel Juliett,posuere cubilia curae duis faucibus accumsan odio curabitur convallis duis consequat dui nec nisi volutpat eleifend
Lock,Pescod,14,Club 6,Golf Echo Charlie Yankee Foxtrot Zulu Sierra Papa Romeo Kilo Delta Alfa Quebec Mike Oscar Whiskey Bravo Lima Hotel Tango,amet eleifend pede libero quis orci nullam molestie nibh in lectus pellentesque at nulla suspendisse potenti cras in purus eu
Gregoire,Albertson,15,Club 7,Uniform Bravo Golf Romeo Delta Charlie Mike Kilo November Yankee Papa Quebec Alfa Hotel,duis bibendum morbi non quam nec dui luctus rutrum nulla tellus in sagittis dui vel nisl duis ac nibh
Sara-ann,Recke,16,Club 7,Sierra Bravo Romeo X-ray Lima Whiskey Echo Zulu Quebec Victor Golf November Mike Foxtrot Juliett Oscar Charlie,metus aenean fermentum donec ut mauris eget massa tempor convallis nulla neque libero convallis eget eleifend luctus ultricies
Newton,Joy,17,Club 4,Echo Sierra Juliett Romeo Kilo Papa Bravo Hotel Quebec Uniform Mike Charlie Oscar Zulu Alfa Delta Victor November Lima Golf,vel enim sit amet nunc viverra dapibus nulla suscipit ligula in
Roderich,Himpson,18,Club 6,Quebec Papa Juliett Foxtrot Romeo X-ray November Charlie Echo Golf Oscar Lima Kilo Delta Mike Uniform,cursus urna ut tellus nulla ut erat id mauris vulputate elementum nullam varius
Domeniga,Denyukhin,19,Club 3,X-ray Hotel Oscar Victor Romeo Bravo Mike Lima Tango Foxtrot Yankee November,maecenas pulvinar lobortis est phasellus sit amet erat nulla tempus vivamus in felis eu sapien cursus vestibulum
Westley,Wheaton,20,Club 7,Sierra Hotel Oscar Echo Delta Charlie Papa Lima Alfa Quebec November Bravo Romeo Uniform,bibendum felis sed interdum venenatis turpis enim blandit mi in porttitor pede justo eu massa donec dapibus duis
